timestamp,session_id,turn_number,tool_name,tool_input,tool_output,success,execution_time_ms
2026-04-03T20:17:02.701608+07:00,eval_1,1,get_current_weather,{},"{'ts_utc': datetime.datetime(2026, 4, 5, 19, 0, tzinfo=datetime.timezone(datetime.timedelta(seconds=25200))), 'avg_temp': 28.47, 'min_temp': 26.53, 'max_temp': 30.68, 'avg_humidity': 68.5, 'avg_wind_s",True,0
2026-04-03T20:17:21.201735+07:00,eval_2,2,get_current_weather,{'location_hint': 'Cầu Giấy'},"{'district_name_vi': 'Quận Cầu Giấy', 'ts_utc': datetime.datetime(2026, 4, 5, 19, 0, tzinfo=datetime.timezone(datetime.timedelta(seconds=25200))), 'avg_temp': 28.64, 'min_temp': 28.61, 'max_temp': 28.",True,0
2026-04-03T20:17:38.298917+07:00,eval_3,3,get_current_weather,{'location_hint': 'Dịch Vọng'},"{""error"": ""not_found"", ""message"": ""Không tìm thấy địa điểm: Dịch Vọng"", ""suggestion"": ""Vui lòng cho biết thêm thông tin (ví dụ: \""quận TênQuận\"" hoặc \""phường TênPhường\"")"", ""needs_clarification"": tru",True,0
2026-04-03T20:17:38.298917+07:00,eval_3,3,get_current_weather,{'location_hint': 'Cầu Giấy'},"{'district_name_vi': 'Quận Cầu Giấy', 'ts_utc': datetime.datetime(2026, 4, 5, 19, 0, tzinfo=datetime.timezone(datetime.timedelta(seconds=25200))), 'avg_temp': 28.64, 'min_temp': 28.61, 'max_temp': 28.",True,0
2026-04-03T20:17:54.217368+07:00,eval_4,4,get_current_weather,{'location_hint': 'Hoàn Kiếm'},"{'district_name_vi': 'Quận Hoàn Kiếm', 'ts_utc': datetime.datetime(2026, 4, 3, 20, 2, 35, tzinfo=datetime.timezone(datetime.timedelta(seconds=25200))), 'avg_temp': 26.96, 'min_temp': 26.95, 'max_temp'",True,0
2026-04-03T20:18:12.524011+07:00,eval_5,5,get_current_weather,"{'location_hint': 'Phú Diễn, Bắc Từ Liêm'}","{'district_name_vi': 'Quận Bắc Từ Liêm', 'ts_utc': datetime.datetime(2026, 4, 5, 19, 0, tzinfo=datetime.timezone(datetime.timedelta(seconds=25200))), 'avg_temp': 28.86, 'min_temp': 28.54, 'max_temp': ",True,0
2026-04-03T20:18:26.126119+07:00,eval_6,6,get_current_weather,{'location_hint': 'Long Biên'},"{'district_name_vi': 'Quận Long Biên', 'ts_utc': datetime.datetime(2026, 4, 5, 19, 0, tzinfo=datetime.timezone(datetime.timedelta(seconds=25200))), 'avg_temp': 27.53, 'min_temp': 27.34, 'max_temp': 27",True,0
2026-04-03T20:18:39.200572+07:00,eval_7,7,get_current_weather,{},"{'ts_utc': datetime.datetime(2026, 4, 5, 19, 0, tzinfo=datetime.timezone(datetime.timedelta(seconds=25200))), 'avg_temp': 28.47, 'min_temp': 26.53, 'max_temp': 30.68, 'avg_humidity': 68.5, 'avg_wind_s",True,0
2026-04-03T20:18:55.196789+07:00,eval_8,8,get_current_weather,{'location_hint': 'Hoàng Mai'},"{'district_name_vi': 'Quận Hoàng Mai', 'ts_utc': datetime.datetime(2026, 4, 5, 19, 0, tzinfo=datetime.timezone(datetime.timedelta(seconds=25200))), 'avg_temp': 27.8, 'min_temp': 27.64, 'max_temp': 27.",True,0
2026-04-03T20:19:10.382605+07:00,eval_9,9,get_current_weather,{'location_hint': 'Mỹ Đình'},"{'district_name_vi': 'Quận Nam Từ Liêm', 'ts_utc': datetime.datetime(2026, 4, 5, 19, 0, tzinfo=datetime.timezone(datetime.timedelta(seconds=25200))), 'avg_temp': 29.07, 'min_temp': 29.02, 'max_temp': ",True,0
2026-04-03T20:19:25.817065+07:00,eval_10,10,get_current_weather,{'location_hint': 'Hồ Gươm'},"{'district_name_vi': 'Quận Hoàn Kiếm', 'ts_utc': datetime.datetime(2026, 4, 3, 20, 2, 35, tzinfo=datetime.timezone(datetime.timedelta(seconds=25200))), 'avg_temp': 26.96, 'min_temp': 26.95, 'max_temp'",True,0
2026-04-03T20:19:41.335046+07:00,eval_11,11,get_current_weather,{'location_hint': 'Thanh Xuân'},"{'district_name_vi': 'Quận Thanh Xuân', 'ts_utc': datetime.datetime(2026, 4, 5, 19, 0, tzinfo=datetime.timezone(datetime.timedelta(seconds=25200))), 'avg_temp': 28.49, 'min_temp': 28.32, 'max_temp': 2",True,0
2026-04-03T20:19:56.962842+07:00,eval_12,12,get_current_weather,{'location_hint': 'Sân bay Nội Bài'},"{'district_name_vi': 'Huyện Sóc Sơn', 'ts_utc': datetime.datetime(2026, 4, 5, 19, 0, tzinfo=datetime.timezone(datetime.timedelta(seconds=25200))), 'avg_temp': 27.35, 'min_temp': 26.94, 'max_temp': 27.",True,0
2026-04-03T20:20:11.531516+07:00,eval_13,13,get_hourly_forecast,{'location_hint': 'Hai Bà Trưng'},"{'forecasts': [{'district_name_vi': 'Quận Hai Bà Trưng', 'ts_utc': datetime.datetime(2026, 4, 3, 21, 0, tzinfo=datetime.timezone(datetime.timedelta(seconds=25200))), 'avg_temp': 26.73, 'min_temp': 26.",True,0
2026-04-03T20:20:26.629911+07:00,eval_14,14,get_current_weather,"{'location_hint': 'Khương Trung, Thanh Xuân'}","{'district_name_vi': 'Quận Thanh Xuân', 'ts_utc': datetime.datetime(2026, 4, 5, 19, 0, tzinfo=datetime.timezone(datetime.timedelta(seconds=25200))), 'avg_temp': 28.49, 'min_temp': 28.32, 'max_temp': 2",True,0
2026-04-03T20:20:41.678357+07:00,eval_15,15,get_hourly_forecast,"{'location_hint': 'Cầu Giấy', 'hours': 12}","{'forecasts': [{'district_name_vi': 'Quận Cầu Giấy', 'ts_utc': datetime.datetime(2026, 4, 3, 21, 0, tzinfo=datetime.timezone(datetime.timedelta(seconds=25200))), 'avg_temp': 26.77, 'min_temp': 26.76, ",True,0
2026-04-03T20:20:56.683104+07:00,eval_16,16,get_hourly_forecast,{'hours': 4},"{'forecasts': [{'ts_utc': datetime.datetime(2026, 4, 3, 21, 0, tzinfo=datetime.timezone(datetime.timedelta(seconds=25200))), 'avg_temp': 26.64, 'min_temp': 25.53, 'max_temp': 27.29, 'avg_humidity': 79",True,0
2026-04-03T20:21:13.722124+07:00,eval_17,17,get_hourly_forecast,"{'hours': 6, 'location_hint': 'Tây Hồ'}","{'forecasts': [{'district_name_vi': 'Quận Tây Hồ', 'ts_utc': datetime.datetime(2026, 4, 3, 21, 0, tzinfo=datetime.timezone(datetime.timedelta(seconds=25200))), 'avg_temp': 26.77, 'min_temp': 26.76, 'm",True,0
2026-04-03T20:21:28.453385+07:00,eval_18,18,get_hourly_forecast,"{'location_hint': 'Xuân Đỉnh', 'hours': 3}","{'forecasts': [{'ts_utc': datetime.datetime(2026, 4, 3, 21, 0, tzinfo=datetime.timezone(datetime.timedelta(seconds=25200))), 'temp': 26.78, 'feels_like': 29.76, 'humidity': 86, 'dew_point': 24.24, 'po",True,0
2026-04-03T20:21:44.683180+07:00,eval_19,19,get_hourly_forecast,"{'hours': 3, 'location_hint': 'Long Biên'}","{'forecasts': [{'district_name_vi': 'Quận Long Biên', 'ts_utc': datetime.datetime(2026, 4, 3, 21, 0, tzinfo=datetime.timezone(datetime.timedelta(seconds=25200))), 'avg_temp': 26.74, 'min_temp': 26.73,",True,0
2026-04-03T20:22:00.113525+07:00,eval_20,20,get_hourly_forecast,{'location_hint': 'Đống Đa'},"{'forecasts': [{'district_name_vi': 'Quận Đống Đa', 'ts_utc': datetime.datetime(2026, 4, 3, 21, 0, tzinfo=datetime.timezone(datetime.timedelta(seconds=25200))), 'avg_temp': 26.74, 'min_temp': 26.73, '",True,0
2026-04-03T20:22:17.654517+07:00,eval_21,21,get_hourly_forecast,"{'hours': 4, 'location_hint': 'Thanh Trì'}","{'forecasts': [{'district_name_vi': 'Huyện Thanh Trì', 'ts_utc': datetime.datetime(2026, 4, 3, 21, 0, tzinfo=datetime.timezone(datetime.timedelta(seconds=25200))), 'avg_temp': 26.46, 'min_temp': 26.17",True,0
2026-04-03T20:22:30.360326+07:00,eval_22,22,get_hourly_forecast,"{'location_hint': 'Hà Nội', 'hours': 24}","{""forecasts"": [], ""count"": 0, ""resolved_location"": {""district_name_vi"": ""Quận Hoàn Kiếm"", ""district_name_norm"": ""quan hoan kiem""}, ""source"": ""district_aggregated"", ""level"": ""district"", ""data_coverage""",True,0
2026-04-03T20:22:45.104471+07:00,eval_23,23,get_hourly_forecast,"{'hours': 6, 'location_hint': 'Đông Anh'}","{'forecasts': [{'district_name_vi': 'Huyện Đông Anh', 'ts_utc': datetime.datetime(2026, 4, 3, 21, 0, tzinfo=datetime.timezone(datetime.timedelta(seconds=25200))), 'avg_temp': 26.76, 'min_temp': 26.75,",True,0
2026-04-03T20:22:57.039332+07:00,eval_24,24,get_hourly_forecast,"{'location_hint': 'Hoàn Kiếm', 'hours': 24}","{""forecasts"": [], ""count"": 0, ""resolved_location"": {""district_name_vi"": ""Quận Hoàn Kiếm"", ""district_name_norm"": ""quan hoan kiem""}, ""source"": ""district_aggregated"", ""level"": ""district"", ""data_coverage""",True,0
2026-04-03T20:23:09.243370+07:00,eval_25,25,get_daily_forecast,"{'days': 2, 'location_hint': 'Hà Nội'}","{""forecasts"": [], ""count"": 0, ""resolved_location"": {""district_name_vi"": ""Quận Hoàn Kiếm"", ""district_name_norm"": ""quan hoan kiem""}, ""source"": ""district_aggregated"", ""level"": ""district"", ""data_coverage""",True,0
2026-04-03T20:23:24.571362+07:00,eval_26,26,get_daily_forecast,"{'days': 1, 'location_hint': 'Nam Từ Liêm'}","{'forecasts': [{'district_name_vi': 'Quận Nam Từ Liêm', 'date': datetime.date(2026, 4, 3), 'avg_temp': 29.11, 'temp_min': 23.74, 'temp_max': 33.03, 'avg_humidity': 63.7, 'avg_pop': 0.0, 'total_rain': ",True,0
2026-04-03T20:23:40.176218+07:00,eval_27,27,get_daily_forecast,"{'location_hint': 'Gia Lâm', 'days': 3}","{'forecasts': [{'district_name_vi': 'Huyện Gia Lâm', 'date': datetime.date(2026, 4, 3), 'avg_temp': 26.47, 'temp_min': 23.85, 'temp_max': 33.28, 'avg_humidity': 69.0, 'avg_pop': 0.0, 'total_rain': Non",True,0
2026-04-03T20:23:52.356851+07:00,eval_28,28,get_daily_forecast,"{'location_hint': 'Hoàn Kiếm', 'days': 7}","{""forecasts"": [], ""count"": 0, ""resolved_location"": {""district_name_vi"": ""Quận Hoàn Kiếm"", ""district_name_norm"": ""quan hoan kiem""}, ""source"": ""district_aggregated"", ""level"": ""district"", ""data_coverage""",True,0
2026-04-03T20:24:18.361083+07:00,eval_29,29,get_weather_alerts,{'location_hint': 'Long Biên'},"{""alerts"": [], ""count"": 0}",True,0
2026-04-03T20:24:18.361083+07:00,eval_29,29,get_weather_change_alert,{'location_hint': 'Long Biên'},"{""changes"": [], ""has_significant_change"": false, ""hours_scanned"": 6, ""current_summary"": {""temp"": 27.53, ""weather_main"": ""Clouds"", ""wind_speed"": 5.48, ""pop"": 0}, ""resolved_location"": {""district_name_vi",True,0
2026-04-03T20:24:18.373387+07:00,eval_29,29,get_weather_change_alert,"{'location_hint': 'Long Biên', 'hours': 12}","{""changes"": [], ""has_significant_change"": false, ""hours_scanned"": 12, ""current_summary"": {""temp"": 27.53, ""weather_main"": ""Clouds"", ""wind_speed"": 5.48, ""pop"": 0}, ""resolved_location"": {""district_name_v",True,0
2026-04-03T20:24:18.373387+07:00,eval_29,29,get_weather_change_alert,"{'location_hint': 'Long Biên', 'hours': 24}","{""changes"": [], ""has_significant_change"": false, ""hours_scanned"": 12, ""current_summary"": {""temp"": 27.53, ""weather_main"": ""Clouds"", ""wind_speed"": 5.48, ""pop"": 0}, ""resolved_location"": {""district_name_v",True,0
2026-04-03T20:24:18.373387+07:00,eval_29,29,get_weather_change_alert,"{'location_hint': 'Long Biên', 'hours': 48}","{""changes"": [], ""has_significant_change"": false, ""hours_scanned"": 12, ""current_summary"": {""temp"": 27.53, ""weather_main"": ""Clouds"", ""wind_speed"": 5.48, ""pop"": 0}, ""resolved_location"": {""district_name_v",True,0
2026-04-03T20:24:41.810313+07:00,eval_30,30,get_weather_period,"{'location_hint': 'Quang Trung, Đống Đa', 'start_date': '2026-04-03', 'end_date': '2026-04-09'}","{'days': 7, 'daily_data': [{'date': datetime.date(2026, 4, 3), 'avg_temp': 26.45, 'temp_min': 23.78, 'temp_max': 33.07, 'avg_humidity': 68.0, 'avg_pop': 0.0, 'total_rain': None, 'weather_main': 'Cloud",True,0
2026-04-03T20:24:55.194540+07:00,eval_31,31,get_daily_forecast,"{'days': 1, 'location_hint': 'Hà Nội'}","{""forecasts"": [], ""count"": 0, ""resolved_location"": {""district_name_vi"": ""Quận Hoàn Kiếm"", ""district_name_norm"": ""quan hoan kiem""}, ""source"": ""district_aggregated"", ""level"": ""district"", ""data_coverage""",True,0
2026-04-03T20:25:12.289022+07:00,eval_32,32,get_daily_forecast,"{'location_hint': 'Hoàng Mai', 'days': 5}","{'forecasts': [{'district_name_vi': 'Quận Hoàng Mai', 'date': datetime.date(2026, 4, 3), 'avg_temp': 26.66, 'temp_min': 23.78, 'temp_max': 33.38, 'avg_humidity': 67.3, 'avg_pop': 0.0, 'total_rain': No",True,0
2026-04-03T20:25:26.711707+07:00,eval_33,33,get_daily_forecast,{'location_hint': 'Hà Nội'},"{""forecasts"": [], ""count"": 0, ""resolved_location"": {""district_name_vi"": ""Quận Hoàn Kiếm"", ""district_name_norm"": ""quan hoan kiem""}, ""source"": ""district_aggregated"", ""level"": ""district"", ""data_coverage""",True,0
2026-04-03T20:25:44.002803+07:00,eval_34,34,get_current_weather,{'location_hint': 'Đan Phượng'},"{'district_name_vi': 'Huyện Đan Phượng', 'ts_utc': datetime.datetime(2026, 4, 5, 19, 0, tzinfo=datetime.timezone(datetime.timedelta(seconds=25200))), 'avg_temp': 29.11, 'min_temp': 29.07, 'max_temp': ",True,0
2026-04-03T20:25:44.002803+07:00,eval_34,34,get_temperature_trend,"{'location_hint': 'Đan Phượng', 'days': 1}","{""trend"": ""stable"", ""trend_vi"": ""Ổn định"", ""slope_per_day"": 0.1, ""days_analyzed"": 2, ""inflection_date"": null, ""hottest_day"": {""date"": ""2026-04-03"", ""temp_max"": 32.71}, ""coldest_day"": {""date"": ""2026-04",True,0
2026-04-03T20:25:58.537263+07:00,eval_35,35,get_daily_forecast,"{'location_hint': 'Ba Đình', 'days': 1}","{'forecasts': [{'district_name_vi': 'Quận Ba Đình', 'date': datetime.date(2026, 4, 3), 'avg_temp': 26.24, 'temp_min': 23.75, 'temp_max': 32.91, 'avg_humidity': 69.0, 'avg_pop': 0.2, 'total_rain': 0.12",True,0
2026-04-03T20:26:17.717558+07:00,eval_36,36,get_daily_forecast,"{'days': 5, 'location_hint': 'Sóc Sơn'}","{'forecasts': [{'district_name_vi': 'Huyện Sóc Sơn', 'date': datetime.date(2026, 4, 3), 'avg_temp': 26.83, 'temp_min': 22.68, 'temp_max': 32.45, 'avg_humidity': 73.0, 'avg_pop': 0.05, 'total_rain': 0.",True,0
2026-04-03T20:26:37.784113+07:00,eval_37,37,get_daily_summary,"{'date': '2026-04-03', 'location_hint': 'Hà Nội'}","{""error"": ""no_data"", ""message"": ""Không có dữ liệu ngày 2026-04-03 cho Quận Hoàn Kiếm""}",True,0
2026-04-03T20:26:37.784113+07:00,eval_37,37,detect_phenomena,{'location_hint': 'Hà Nội'},"{'phenomena': [], 'has_dangerous': False, 'weather_snapshot': {'district_name_vi': 'Quận Hoàn Kiếm', 'ts_utc': datetime.datetime(2026, 4, 3, 20, 2, 35, tzinfo=datetime.timezone(datetime.timedelta(seco",True,0
2026-04-03T20:27:04.558691+07:00,eval_38,38,get_daily_summary,"{'location_hint': 'Long Biên', 'date': '2026-04-04'}","{'district_name_vi': 'Quận Long Biên', 'date': datetime.date(2026, 4, 4), 'avg_temp': 28.62, 'temp_min': 23.63, 'temp_max': 30.63, 'avg_humidity': 58.7, 'avg_pop': 0.0, 'total_rain': None, 'weather_ma",True,0
2026-04-03T20:27:04.559807+07:00,eval_38,38,get_daily_summary,"{'location_hint': 'Long Biên', 'date': '2026-04-05'}","{'district_name_vi': 'Quận Long Biên', 'date': datetime.date(2026, 4, 5), 'avg_temp': 30.96, 'temp_min': 22.41, 'temp_max': 37.9, 'avg_humidity': 58.7, 'avg_pop': 0.0, 'total_rain': None, 'weather_mai",True,0
2026-04-03T20:27:04.559807+07:00,eval_38,38,get_daily_summary,"{'location_hint': 'Long Biên', 'date': '2026-04-06'}","{'district_name_vi': 'Quận Long Biên', 'date': datetime.date(2026, 4, 6), 'avg_temp': 33.7, 'temp_min': 23.45, 'temp_max': 39.15, 'avg_humidity': 49.3, 'avg_pop': 0.0, 'total_rain': None, 'weather_mai",True,0
2026-04-03T20:27:29.192927+07:00,eval_39,39,get_daily_summary,"{'date': '2026-04-04', 'location_hint': 'Hà Nội'}","{""error"": ""no_data"", ""message"": ""Không có dữ liệu ngày 2026-04-04 cho Quận Hoàn Kiếm""}",True,0
2026-04-03T20:27:29.193972+07:00,eval_39,39,get_daily_summary,"{'date': '2026-04-05', 'location_hint': 'Hà Nội'}","{""error"": ""no_data"", ""message"": ""Không có dữ liệu ngày 2026-04-05 cho Quận Hoàn Kiếm""}",True,0
2026-04-03T20:27:29.193972+07:00,eval_39,39,get_daily_summary,"{'date': '2026-04-06', 'location_hint': 'Hà Nội'}","{""error"": ""no_data"", ""message"": ""Không có dữ liệu ngày 2026-04-06 cho Quận Hoàn Kiếm""}",True,0
2026-04-03T20:27:29.193972+07:00,eval_39,39,get_daily_summary,"{'date': '2026-04-07', 'location_hint': 'Hà Nội'}","{""error"": ""no_data"", ""message"": ""Không có dữ liệu ngày 2026-04-07 cho Quận Hoàn Kiếm""}",True,0
2026-04-03T20:27:29.193972+07:00,eval_39,39,get_daily_summary,"{'date': '2026-04-08', 'location_hint': 'Hà Nội'}","{""error"": ""no_data"", ""message"": ""Không có dữ liệu ngày 2026-04-08 cho Quận Hoàn Kiếm""}",True,0
2026-04-03T20:27:54.528752+07:00,eval_40,40,get_daily_summary,{'location_hint': 'Tây Hồ'},"{'district_name_vi': 'Quận Tây Hồ', 'date': datetime.date(2026, 4, 3), 'avg_temp': 27.4, 'temp_min': 23.73, 'temp_max': 32.8, 'avg_humidity': 68.0, 'avg_pop': 0.1, 'total_rain': 0.12, 'weather_main': ",True,0
2026-04-03T20:27:54.528752+07:00,eval_40,40,get_daily_summary,"{'date': '2026-04-04', 'location_hint': 'Tây Hồ'}","{'district_name_vi': 'Quận Tây Hồ', 'date': datetime.date(2026, 4, 4), 'avg_temp': 28.09, 'temp_min': 23.92, 'temp_max': 30.84, 'avg_humidity': 59.0, 'avg_pop': 0.0, 'total_rain': None, 'weather_main'",True,0
2026-04-03T20:27:54.528752+07:00,eval_40,40,get_daily_summary,"{'date': '2026-04-05', 'location_hint': 'Tây Hồ'}","{'district_name_vi': 'Quận Tây Hồ', 'date': datetime.date(2026, 4, 5), 'avg_temp': 30.41, 'temp_min': 22.61, 'temp_max': 38.1, 'avg_humidity': 60.0, 'avg_pop': 0.0, 'total_rain': None, 'weather_main':",True,0
2026-04-03T20:28:09.412145+07:00,eval_41,41,get_daily_summary,"{'date': '2026-04-04', 'location_hint': 'Hà Nội'}","{""error"": ""no_data"", ""message"": ""Không có dữ liệu ngày 2026-04-04 cho Quận Hoàn Kiếm""}",True,0
2026-04-03T20:28:09.412145+07:00,eval_41,41,detect_phenomena,{'location_hint': 'Hà Nội'},"{'phenomena': [], 'has_dangerous': False, 'weather_snapshot': {'district_name_vi': 'Quận Hoàn Kiếm', 'ts_utc': datetime.datetime(2026, 4, 3, 20, 2, 35, tzinfo=datetime.timezone(datetime.timedelta(seco",True,0
2026-04-03T20:28:26.674704+07:00,eval_42,42,get_daily_summary,"{'date': '2026-04-04', 'location_hint': 'Hà Nội'}","{""error"": ""no_data"", ""message"": ""Không có dữ liệu ngày 2026-04-04 cho Quận Hoàn Kiếm""}",True,0
2026-04-03T20:28:26.674704+07:00,eval_42,42,get_daily_summary,"{'date': '2026-04-05', 'location_hint': 'Hà Nội'}","{""error"": ""no_data"", ""message"": ""Không có dữ liệu ngày 2026-04-05 cho Quận Hoàn Kiếm""}",True,0
2026-04-03T20:28:26.674704+07:00,eval_42,42,detect_phenomena,{'location_hint': 'Hà Nội'},"{'phenomena': [], 'has_dangerous': False, 'weather_snapshot': {'district_name_vi': 'Quận Hoàn Kiếm', 'ts_utc': datetime.datetime(2026, 4, 3, 20, 2, 35, tzinfo=datetime.timezone(datetime.timedelta(seco",True,0
2026-04-03T20:28:53.224278+07:00,eval_43,43,get_daily_summary,"{'date': '2026-04-04', 'location_hint': 'Hà Nội'}","{""error"": ""no_data"", ""message"": ""Không có dữ liệu ngày 2026-04-04 cho Quận Hoàn Kiếm""}",True,0
2026-04-03T20:28:53.224278+07:00,eval_43,43,get_daily_summary,"{'date': '2026-04-05', 'location_hint': 'Hà Nội'}","{""error"": ""no_data"", ""message"": ""Không có dữ liệu ngày 2026-04-05 cho Quận Hoàn Kiếm""}",True,0
2026-04-03T20:28:53.224278+07:00,eval_43,43,get_daily_summary,"{'date': '2026-04-06', 'location_hint': 'Hà Nội'}","{""error"": ""no_data"", ""message"": ""Không có dữ liệu ngày 2026-04-06 cho Quận Hoàn Kiếm""}",True,0
2026-04-03T20:28:53.224278+07:00,eval_43,43,get_daily_summary,"{'date': '2026-04-07', 'location_hint': 'Hà Nội'}","{""error"": ""no_data"", ""message"": ""Không có dữ liệu ngày 2026-04-07 cho Quận Hoàn Kiếm""}",True,0
2026-04-03T20:28:53.224278+07:00,eval_43,43,get_daily_summary,"{'date': '2026-04-08', 'location_hint': 'Hà Nội'}","{""error"": ""no_data"", ""message"": ""Không có dữ liệu ngày 2026-04-08 cho Quận Hoàn Kiếm""}",True,0
2026-04-03T20:28:53.224278+07:00,eval_43,43,get_daily_summary,"{'date': '2026-04-09', 'location_hint': 'Hà Nội'}","{""error"": ""no_data"", ""message"": ""Không có dữ liệu ngày 2026-04-09 cho Quận Hoàn Kiếm""}",True,0
2026-04-03T20:28:53.224278+07:00,eval_43,43,get_daily_summary,"{'date': '2026-04-10', 'location_hint': 'Hà Nội'}","{""error"": ""no_data"", ""message"": ""Không có dữ liệu ngày 2026-04-10 cho Quận Hoàn Kiếm""}",True,0
2026-04-03T20:28:53.224278+07:00,eval_43,43,detect_phenomena,{'location_hint': 'Hà Nội'},"{'phenomena': [], 'has_dangerous': False, 'weather_snapshot': {'district_name_vi': 'Quận Hoàn Kiếm', 'ts_utc': datetime.datetime(2026, 4, 3, 20, 2, 35, tzinfo=datetime.timezone(datetime.timedelta(seco",True,0
2026-04-03T20:29:21.706522+07:00,eval_44,44,get_daily_summary,"{'date': '2026-04-04', 'location_hint': 'Sóc Sơn'}","{'district_name_vi': 'Huyện Sóc Sơn', 'date': datetime.date(2026, 4, 4), 'avg_temp': 26.62, 'temp_min': 23.03, 'temp_max': 31.15, 'avg_humidity': 60.7, 'avg_pop': 0.0, 'total_rain': None, 'weather_mai",True,0
2026-04-03T20:29:21.706522+07:00,eval_44,44,get_daily_summary,"{'date': '2026-04-05', 'location_hint': 'Sóc Sơn'}","{'district_name_vi': 'Huyện Sóc Sơn', 'date': datetime.date(2026, 4, 5), 'avg_temp': 27.87, 'temp_min': 21.61, 'temp_max': 37.06, 'avg_humidity': 70.0, 'avg_pop': 0.0, 'total_rain': None, 'weather_mai",True,0
2026-04-03T20:29:21.706522+07:00,eval_44,44,get_daily_summary,"{'date': '2026-04-06', 'location_hint': 'Sóc Sơn'}","{'district_name_vi': 'Huyện Sóc Sơn', 'date': datetime.date(2026, 4, 6), 'avg_temp': 31.63, 'temp_min': 22.66, 'temp_max': 38.35, 'avg_humidity': 57.0, 'avg_pop': 0.0, 'total_rain': None, 'weather_mai",True,0
2026-04-03T20:29:21.706522+07:00,eval_44,44,get_daily_summary,"{'date': '2026-04-07', 'location_hint': 'Sóc Sơn'}","{'district_name_vi': 'Huyện Sóc Sơn', 'date': datetime.date(2026, 4, 7), 'avg_temp': 28.28, 'temp_min': 24.4, 'temp_max': 34.55, 'avg_humidity': 70.0, 'avg_pop': 0.0, 'total_rain': None, 'weather_main",True,0
2026-04-03T20:29:21.706522+07:00,eval_44,44,get_daily_summary,"{'date': '2026-04-08', 'location_hint': 'Sóc Sơn'}","{'district_name_vi': 'Huyện Sóc Sơn', 'date': datetime.date(2026, 4, 8), 'avg_temp': 27.18, 'temp_min': 23.95, 'temp_max': 34.26, 'avg_humidity': 76.0, 'avg_pop': 0.07, 'total_rain': 0.1, 'weather_mai",True,0
2026-04-03T20:29:41.736080+07:00,eval_45,45,get_daily_summary,{'location_hint': 'Gia Lâm'},"{'district_name_vi': 'Huyện Gia Lâm', 'date': datetime.date(2026, 4, 3), 'avg_temp': 26.47, 'temp_min': 23.85, 'temp_max': 33.28, 'avg_humidity': 69.0, 'avg_pop': 0.0, 'total_rain': None, 'weather_mai",True,0
2026-04-03T20:29:41.737082+07:00,eval_45,45,detect_phenomena,{'location_hint': 'Gia Lâm'},"{'phenomena': [], 'has_dangerous': False, 'weather_snapshot': {'district_name_vi': 'Huyện Gia Lâm', 'ts_utc': datetime.datetime(2026, 4, 5, 19, 0, tzinfo=datetime.timezone(datetime.timedelta(seconds=2",True,0
2026-04-03T20:30:00.696034+07:00,eval_46,46,get_daily_summary,"{'location_hint': 'Ba Vì', 'date': '2026-04-01'}","{'district_name_vi': 'Huyện Ba Vì', 'date': datetime.date(2026, 4, 1), 'avg_temp': 25.45, 'temp_min': 23.75, 'temp_max': 25.78, 'avg_humidity': 67.9, 'avg_pop': None, 'total_rain': 0.0, 'weather_main'",True,0
2026-04-03T20:30:00.697035+07:00,eval_46,46,detect_phenomena,{'location_hint': 'Ba Vì'},"{'phenomena': [], 'has_dangerous': False, 'weather_snapshot': {'district_name_vi': 'Huyện Ba Vì', 'ts_utc': datetime.datetime(2026, 4, 5, 19, 0, tzinfo=datetime.timezone(datetime.timedelta(seconds=252",True,0
2026-04-03T20:30:17.487805+07:00,eval_47,47,get_hourly_forecast,"{'hours': 6, 'location_hint': 'Thanh Xuân'}","{'forecasts': [{'district_name_vi': 'Quận Thanh Xuân', 'ts_utc': datetime.datetime(2026, 4, 3, 21, 0, tzinfo=datetime.timezone(datetime.timedelta(seconds=25200))), 'avg_temp': 26.76, 'min_temp': 26.74",True,0
2026-04-03T20:30:33.174142+07:00,eval_48,48,get_weather_alerts,"{'location_hint': 'Nhật Tân, Tây Hồ'}","{""alerts"": [], ""count"": 0}",True,0
2026-04-03T20:30:33.174142+07:00,eval_48,48,get_weather_change_alert,"{'location_hint': 'Nhật Tân, Tây Hồ'}","{""changes"": [], ""has_significant_change"": false, ""hours_scanned"": 6, ""current_summary"": {""temp"": 28.33, ""weather_main"": ""Clouds"", ""wind_speed"": 5.61, ""pop"": 0}, ""resolved_location"": {""district_name_vi",True,0
2026-04-03T20:30:47.920199+07:00,eval_49,49,get_rain_timeline,"{'location_hint': 'Hoàng Mai', 'hours': 2}","{""rain_periods"": [], ""total_rain_periods"": 0, ""next_rain"": null, ""next_clear"": null, ""hours_scanned"": 2, ""data_coverage"": ""Dự báo 2 giờ tới"", ""resolved_location"": {""district_name_vi"": ""Quận Hoàng Mai""",True,0
2026-04-03T20:31:01.497684+07:00,eval_50,50,get_weather_change_alert,{'location_hint': 'Hà Đông'},"{""changes"": [], ""has_significant_change"": false, ""hours_scanned"": 6, ""current_summary"": {""temp"": 28.98, ""weather_main"": ""Clouds"", ""wind_speed"": 5.36, ""pop"": 0}, ""resolved_location"": {""district_name_vi",True,0
2026-04-03T20:31:18.873138+07:00,eval_51,51,get_weather_alerts,{'location_hint': 'Hà Nội'},"{""alerts"": [], ""count"": 0}",True,0
2026-04-03T20:31:18.873138+07:00,eval_51,51,get_weather_change_alert,{'location_hint': 'Hà Nội'},"{""error"": ""no_data"", ""message"": ""Không có dữ liệu dự báo""}",True,0
2026-04-03T20:31:18.873138+07:00,eval_51,51,get_pressure_trend,"{'hours': 24, 'location_hint': 'Hà Nội'}","{""error"": ""no_data"", ""message"": ""Không đủ dữ liệu áp suất""}",True,0
2026-04-03T20:31:31.085249+07:00,eval_52,52,get_rain_timeline,"{'hours': 12, 'location_hint': 'Gia Lâm'}","{""rain_periods"": [], ""total_rain_periods"": 0, ""next_rain"": null, ""next_clear"": null, ""hours_scanned"": 12, ""data_coverage"": ""Dự báo 12 giờ tới"", ""resolved_location"": {""district_name_vi"": ""Huyện Gia Lâm",True,0
2026-04-03T20:31:43.475851+07:00,eval_53,53,get_rain_timeline,"{'hours': 168, 'location_hint': 'Hà Nội'}","{""error"": ""no_data"", ""message"": ""Không có dữ liệu dự báo"", ""suggestion"": ""Thử hỏi thời tiết hiện tại hoặc dự báo ngắn hạn"", ""resolved_location"": {""district_name_vi"": ""Quận Hoàn Kiếm"", ""district_name_n",True,0
2026-04-03T20:31:55.464035+07:00,eval_54,54,get_rain_timeline,{'location_hint': 'Đông Anh'},"{""rain_periods"": [], ""total_rain_periods"": 0, ""next_rain"": null, ""next_clear"": null, ""hours_scanned"": 24, ""data_coverage"": ""Dự báo 24 giờ tới"", ""resolved_location"": {""district_name_vi"": ""Huyện Đông An",True,0
2026-04-03T20:32:09.319692+07:00,eval_55,55,get_rain_timeline,{'location_hint': 'Hoàng Mai'},"{""rain_periods"": [], ""total_rain_periods"": 0, ""next_rain"": null, ""next_clear"": null, ""hours_scanned"": 24, ""data_coverage"": ""Dự báo 24 giờ tới"", ""resolved_location"": {""district_name_vi"": ""Quận Hoàng Ma",True,0
2026-04-03T20:32:22.773035+07:00,eval_56,56,get_rain_timeline,{'location_hint': 'Hà Nội'},"{""error"": ""no_data"", ""message"": ""Không có dữ liệu dự báo"", ""suggestion"": ""Thử hỏi thời tiết hiện tại hoặc dự báo ngắn hạn"", ""resolved_location"": {""district_name_vi"": ""Quận Hoàn Kiếm"", ""district_name_n",True,0
2026-04-03T20:32:36.135355+07:00,eval_57,57,get_rain_timeline,"{'location_hint': 'Hà Nội', 'hours': 48}","{""error"": ""no_data"", ""message"": ""Không có dữ liệu dự báo"", ""suggestion"": ""Thử hỏi thời tiết hiện tại hoặc dự báo ngắn hạn"", ""resolved_location"": {""district_name_vi"": ""Quận Hoàn Kiếm"", ""district_name_n",True,0
2026-04-03T20:32:36.136986+07:00,eval_57,57,get_rain_timeline,"{'location_hint': 'Hà Nội', 'hours': 24}","{""error"": ""no_data"", ""message"": ""Không có dữ liệu dự báo"", ""suggestion"": ""Thử hỏi thời tiết hiện tại hoặc dự báo ngắn hạn"", ""resolved_location"": {""district_name_vi"": ""Quận Hoàn Kiếm"", ""district_name_n",True,0
2026-04-03T20:32:49.988543+07:00,eval_58,58,get_rain_timeline,{'hours': 72},"{""rain_periods"": [{""start"": ""06:00 ICT ngay 04/04/2026"", ""end"": ""10:00 ICT ngay 04/04/2026"", ""max_pop"": 4, ""max_rain_1h"": 0.1}], ""total_rain_periods"": 1, ""next_rain"": ""06:00 ICT ngay 04/04/2026"", ""nex",True,0
2026-04-03T20:32:49.988543+07:00,eval_58,58,get_rain_timeline,{'hours': 24},"{""rain_periods"": [{""start"": ""06:00 ICT ngay 04/04/2026"", ""end"": ""10:00 ICT ngay 04/04/2026"", ""max_pop"": 4, ""max_rain_1h"": 0.1}], ""total_rain_periods"": 1, ""next_rain"": ""06:00 ICT ngay 04/04/2026"", ""nex",True,0
2026-04-03T20:33:05.703368+07:00,eval_59,59,get_current_weather,{'location_hint': 'Hoàn Kiếm'},"{'district_name_vi': 'Quận Hoàn Kiếm', 'ts_utc': datetime.datetime(2026, 4, 3, 20, 2, 35, tzinfo=datetime.timezone(datetime.timedelta(seconds=25200))), 'avg_temp': 26.96, 'min_temp': 26.95, 'max_temp'",True,0
2026-04-03T20:33:20.438494+07:00,eval_60,60,get_current_weather,{'location_hint': 'Cầu Giấy'},"{'district_name_vi': 'Quận Cầu Giấy', 'ts_utc': datetime.datetime(2026, 4, 5, 19, 0, tzinfo=datetime.timezone(datetime.timedelta(seconds=25200))), 'avg_temp': 28.64, 'min_temp': 28.61, 'max_temp': 28.",True,0
2026-04-03T20:33:38.132436+07:00,eval_61,61,get_current_weather,{'location_hint': 'Thanh Xuân'},"{'district_name_vi': 'Quận Thanh Xuân', 'ts_utc': datetime.datetime(2026, 4, 5, 19, 0, tzinfo=datetime.timezone(datetime.timedelta(seconds=25200))), 'avg_temp': 28.49, 'min_temp': 28.32, 'max_temp': 2",True,0
2026-04-03T20:33:38.132436+07:00,eval_61,61,get_temperature_trend,"{'days': 1, 'location_hint': 'Thanh Xuân'}","{""trend"": ""stable"", ""trend_vi"": ""Ổn định"", ""slope_per_day"": 0.5, ""days_analyzed"": 2, ""inflection_date"": null, ""hottest_day"": {""date"": ""2026-04-03"", ""temp_max"": 33.06}, ""coldest_day"": {""date"": ""2026-04",True,0
2026-04-03T20:33:52.124285+07:00,eval_62,62,get_current_weather,{'location_hint': 'Đông Anh'},"{'district_name_vi': 'Huyện Đông Anh', 'ts_utc': datetime.datetime(2026, 4, 5, 19, 0, tzinfo=datetime.timezone(datetime.timedelta(seconds=25200))), 'avg_temp': 27.87, 'min_temp': 27.86, 'max_temp': 27",True,0
2026-04-03T20:34:06.386376+07:00,eval_63,63,get_temperature_trend,{'days': 7},"{""trend"": ""stable"", ""trend_vi"": ""Ổn định"", ""slope_per_day"": 0.3, ""days_analyzed"": 7, ""inflection_date"": ""2026-04-04"", ""hottest_day"": {""date"": ""2026-04-06"", ""temp_max"": 39.88}, ""coldest_day"": {""date"": ",True,0
2026-04-03T20:34:22.176838+07:00,eval_64,64,get_current_weather,{},"{'ts_utc': datetime.datetime(2026, 4, 5, 19, 0, tzinfo=datetime.timezone(datetime.timedelta(seconds=25200))), 'avg_temp': 28.47, 'min_temp': 26.53, 'max_temp': 30.68, 'avg_humidity': 68.5, 'avg_wind_s",True,0
2026-04-03T20:34:22.176838+07:00,eval_64,64,get_temperature_trend,{'days': 1},"{""trend"": ""stable"", ""trend_vi"": ""Ổn định"", ""slope_per_day"": -0.1, ""days_analyzed"": 2, ""inflection_date"": null, ""hottest_day"": {""date"": ""2026-04-03"", ""temp_max"": 34.77}, ""coldest_day"": {""date"": ""2026-0",True,0
2026-04-03T20:35:12.434047+07:00,eval_66,66,get_current_weather,{},"{'ts_utc': datetime.datetime(2026, 4, 5, 19, 0, tzinfo=datetime.timezone(datetime.timedelta(seconds=25200))), 'avg_temp': 28.47, 'min_temp': 26.53, 'max_temp': 30.68, 'avg_humidity': 68.5, 'avg_wind_s",True,0
2026-04-03T20:35:27.553338+07:00,eval_67,67,get_temperature_trend,"{'days': 3, 'location_hint': 'Hà Nội'}","{""error"": ""no_data"", ""message"": ""Không đủ dữ liệu để phân tích xu hướng""}",True,0
2026-04-03T20:35:43.694547+07:00,eval_68,68,get_current_weather,{'location_hint': 'Mỹ Đình'},"{'district_name_vi': 'Quận Nam Từ Liêm', 'ts_utc': datetime.datetime(2026, 4, 5, 19, 0, tzinfo=datetime.timezone(datetime.timedelta(seconds=25200))), 'avg_temp': 29.07, 'min_temp': 29.02, 'max_temp': ",True,0
2026-04-03T20:35:43.694547+07:00,eval_68,68,get_temperature_trend,"{'days': 1, 'location_hint': 'Mỹ Đình'}","{""trend"": ""cooling"", ""trend_vi"": ""Lạnh dần"", ""slope_per_day"": -1.3, ""days_analyzed"": 2, ""inflection_date"": null, ""hottest_day"": {""date"": ""2026-04-03"", ""temp_max"": 33.03}, ""coldest_day"": {""date"": ""2026",True,0
2026-04-03T20:35:59.580992+07:00,eval_69,69,get_current_weather,{'location_hint': 'Ba Vì'},"{'district_name_vi': 'Huyện Ba Vì', 'ts_utc': datetime.datetime(2026, 4, 5, 19, 0, tzinfo=datetime.timezone(datetime.timedelta(seconds=25200))), 'avg_temp': 30.35, 'min_temp': 30.08, 'max_temp': 30.68",True,0
2026-04-03T20:35:59.581993+07:00,eval_69,69,get_temperature_trend,"{'location_hint': 'Ba Vì', 'days': 1}","{""trend"": ""cooling"", ""trend_vi"": ""Lạnh dần"", ""slope_per_day"": -0.8, ""days_analyzed"": 2, ""inflection_date"": null, ""hottest_day"": {""date"": ""2026-04-03"", ""temp_max"": 34.2}, ""coldest_day"": {""date"": ""2026-",True,0
2026-04-03T20:36:12.502087+07:00,eval_70,70,get_temperature_trend,"{'days': 7, 'location_hint': 'Hà Nội'}","{""error"": ""no_data"", ""message"": ""Không đủ dữ liệu để phân tích xu hướng""}",True,0
2026-04-03T20:36:25.354339+07:00,eval_71,71,get_current_weather,{'location_hint': 'Sóc Sơn'},"{'district_name_vi': 'Huyện Sóc Sơn', 'ts_utc': datetime.datetime(2026, 4, 5, 19, 0, tzinfo=datetime.timezone(datetime.timedelta(seconds=25200))), 'avg_temp': 27.35, 'min_temp': 26.94, 'max_temp': 27.",True,0
2026-04-03T20:36:41.572042+07:00,eval_72,72,get_current_weather,{'location_hint': 'Bắc Từ Liêm'},"{'district_name_vi': 'Quận Bắc Từ Liêm', 'ts_utc': datetime.datetime(2026, 4, 5, 19, 0, tzinfo=datetime.timezone(datetime.timedelta(seconds=25200))), 'avg_temp': 28.86, 'min_temp': 28.54, 'max_temp': ",True,0
2026-04-03T20:36:55.225900+07:00,eval_73,73,get_weather_change_alert,"{'location_hint': 'Hà Nội', 'hours': 6}","{""error"": ""no_data"", ""message"": ""Không có dữ liệu dự báo""}",True,0
2026-04-03T20:37:13.199455+07:00,eval_74,74,get_pressure_trend,{'location_hint': 'Hà Nội'},"{""error"": ""no_data"", ""message"": ""Không đủ dữ liệu áp suất""}",True,0
2026-04-03T20:37:13.199455+07:00,eval_74,74,get_current_weather,{'location_hint': 'Hà Nội'},"{'district_name_vi': 'Quận Hoàn Kiếm', 'ts_utc': datetime.datetime(2026, 4, 3, 20, 2, 35, tzinfo=datetime.timezone(datetime.timedelta(seconds=25200))), 'avg_temp': 26.96, 'min_temp': 26.95, 'max_temp'",True,0
2026-04-03T20:37:29.602830+07:00,eval_75,75,get_current_weather,{'location_hint': 'Hà Nội'},"{'district_name_vi': 'Quận Hoàn Kiếm', 'ts_utc': datetime.datetime(2026, 4, 3, 20, 2, 35, tzinfo=datetime.timezone(datetime.timedelta(seconds=25200))), 'avg_temp': 26.96, 'min_temp': 26.95, 'max_temp'",True,0
2026-04-03T20:37:43.567143+07:00,eval_76,76,get_pressure_trend,"{'hours': 24, 'location_hint': 'Hà Nội'}","{""error"": ""no_data"", ""message"": ""Không đủ dữ liệu áp suất""}",True,0
2026-04-03T20:37:59.033994+07:00,eval_77,77,get_current_weather,{'location_hint': 'Gia Lâm'},"{'district_name_vi': 'Huyện Gia Lâm', 'ts_utc': datetime.datetime(2026, 4, 5, 19, 0, tzinfo=datetime.timezone(datetime.timedelta(seconds=25200))), 'avg_temp': 27.12, 'min_temp': 27.02, 'max_temp': 27.",True,0
2026-04-03T20:38:13.633683+07:00,eval_78,78,get_current_weather,{'location_hint': 'Hà Nội'},"{'district_name_vi': 'Quận Hoàn Kiếm', 'ts_utc': datetime.datetime(2026, 4, 3, 20, 2, 35, tzinfo=datetime.timezone(datetime.timedelta(seconds=25200))), 'avg_temp': 26.96, 'min_temp': 26.95, 'max_temp'",True,0
2026-04-03T20:39:02.401294+07:00,eval_80,80,get_current_weather,{'location_hint': 'Hà Nội'},"{'district_name_vi': 'Quận Hoàn Kiếm', 'ts_utc': datetime.datetime(2026, 4, 3, 20, 2, 35, tzinfo=datetime.timezone(datetime.timedelta(seconds=25200))), 'avg_temp': 26.96, 'min_temp': 26.95, 'max_temp'",True,0
2026-04-03T20:39:17.238199+07:00,eval_81,81,detect_phenomena,{'location_hint': 'Quốc Oai'},"{'phenomena': [], 'has_dangerous': False, 'weather_snapshot': {'district_name_vi': 'Huyện Quốc Oai', 'ts_utc': datetime.datetime(2026, 4, 5, 19, 0, tzinfo=datetime.timezone(datetime.timedelta(seconds=",True,0
2026-04-03T20:39:30.081343+07:00,eval_82,82,get_current_weather,{'location_hint': 'Hà Đông'},"{'district_name_vi': 'Quận Hà Đông', 'ts_utc': datetime.datetime(2026, 4, 5, 19, 0, tzinfo=datetime.timezone(datetime.timedelta(seconds=25200))), 'avg_temp': 28.98, 'min_temp': 28.94, 'max_temp': 29.0",True,0
2026-04-03T20:39:48.215200+07:00,eval_83,83,get_current_weather,{'location_hint': 'Tây Hồ'},"{'district_name_vi': 'Quận Tây Hồ', 'ts_utc': datetime.datetime(2026, 4, 5, 19, 0, tzinfo=datetime.timezone(datetime.timedelta(seconds=25200))), 'avg_temp': 28.33, 'min_temp': 28.25, 'max_temp': 28.41",True,0
2026-04-03T20:39:48.215200+07:00,eval_83,83,get_humidity_timeline,{'location_hint': 'Tây Hồ'},"{""timeline"": [{""time"": ""21:00 ICT ngay 03/04/2026"", ""humidity"": 87.0, ""dew_point"": 24.42, ""temp"": 26.77, ""comfort"": ""Rất oi bức"", ""is_nom_am"": false}, {""time"": ""22:00 ICT ngay 03/04/2026"", ""humidity"":",True,0
2026-04-03T20:40:03.029534+07:00,eval_84,84,detect_phenomena,{'location_hint': 'Hà Nội'},"{'phenomena': [], 'has_dangerous': False, 'weather_snapshot': {'district_name_vi': 'Quận Hoàn Kiếm', 'ts_utc': datetime.datetime(2026, 4, 3, 20, 2, 35, tzinfo=datetime.timezone(datetime.timedelta(seco",True,0
2026-04-03T20:40:18.000271+07:00,eval_85,85,get_weather_change_alert,"{'hours': 6, 'location_hint': 'Hà Nội'}","{""error"": ""no_data"", ""message"": ""Không có dữ liệu dự báo""}",True,0
2026-04-03T20:40:35.847907+07:00,eval_86,86,get_current_weather,{'location_hint': 'Thanh Xuân'},"{'district_name_vi': 'Quận Thanh Xuân', 'ts_utc': datetime.datetime(2026, 4, 5, 19, 0, tzinfo=datetime.timezone(datetime.timedelta(seconds=25200))), 'avg_temp': 28.49, 'min_temp': 28.32, 'max_temp': 2",True,0
2026-04-03T20:40:35.847907+07:00,eval_86,86,get_humidity_timeline,{'location_hint': 'Thanh Xuân'},"{""timeline"": [{""time"": ""21:00 ICT ngay 03/04/2026"", ""humidity"": 78.5, ""dew_point"": 22.7, ""temp"": 26.76, ""comfort"": ""Oi bức"", ""is_nom_am"": false}, {""time"": ""22:00 ICT ngay 03/04/2026"", ""humidity"": 79.5",True,0
2026-04-03T20:40:49.663798+07:00,eval_87,87,detect_phenomena,{'location_hint': 'Hà Nội'},"{'phenomena': [], 'has_dangerous': False, 'weather_snapshot': {'district_name_vi': 'Quận Hoàn Kiếm', 'ts_utc': datetime.datetime(2026, 4, 3, 20, 2, 35, tzinfo=datetime.timezone(datetime.timedelta(seco",True,0
2026-04-03T20:41:04.013317+07:00,eval_88,88,get_current_weather,{},"{'ts_utc': datetime.datetime(2026, 4, 5, 19, 0, tzinfo=datetime.timezone(datetime.timedelta(seconds=25200))), 'avg_temp': 28.47, 'min_temp': 26.53, 'max_temp': 30.68, 'avg_humidity': 68.5, 'avg_wind_s",True,0
2026-04-03T20:41:18.879879+07:00,eval_89,89,get_current_weather,{'location_hint': 'Hà Nội'},"{'district_name_vi': 'Quận Hoàn Kiếm', 'ts_utc': datetime.datetime(2026, 4, 3, 20, 2, 35, tzinfo=datetime.timezone(datetime.timedelta(seconds=25200))), 'avg_temp': 26.96, 'min_temp': 26.95, 'max_temp'",True,0
2026-04-03T20:41:34.760491+07:00,eval_90,90,detect_phenomena,{'location_hint': 'Hà Nội'},"{'phenomena': [], 'has_dangerous': False, 'weather_snapshot': {'district_name_vi': 'Quận Hoàn Kiếm', 'ts_utc': datetime.datetime(2026, 4, 3, 20, 2, 35, tzinfo=datetime.timezone(datetime.timedelta(seco",True,0
2026-04-03T20:41:34.760491+07:00,eval_90,90,get_humidity_timeline,"{'location_hint': 'Hà Nội', 'hours': 24}","{""timeline"": [], ""statistics"": {""avg_humidity"": null, ""min_humidity"": null, ""max_humidity"": null, ""avg_dew_point"": null}, ""nom_am_periods"": [], ""has_nom_am"": false, ""most_comfortable_time"": null, ""res",True,0
2026-04-03T20:41:47.529465+07:00,eval_91,91,get_weather_history,{'date': '2026-04-02'},"{""avg_temp"": 26.31, ""temp_min"": 25.42, ""temp_max"": 27.46, ""avg_humidity"": 76.1, ""avg_pop"": null, ""total_rain"": 0.0, ""weather_main"": ""Clouds"", ""avg_dew_point"": 21.75, ""avg_pressure"": 1006.9, ""avg_cloud",True,0
2026-04-03T20:42:00.808120+07:00,eval_92,92,get_weather_history,"{'location_hint': 'Đống Đa', 'date': '2026-02-28'}","{""district_name_vi"": ""Quận Đống Đa"", ""avg_temp"": 24.24, ""temp_min"": 24.23, ""temp_max"": 24.25, ""avg_humidity"": 85.0, ""avg_pop"": null, ""total_rain"": 0.0, ""weather_main"": ""Clear"", ""avg_dew_point"": 21.56,",True,0
2026-04-03T20:42:16.423210+07:00,eval_93,93,get_weather_history,"{'date': '2026-03-31', 'location_hint': 'Gia Lâm'}","{""district_name_vi"": ""Huyện Gia Lâm"", ""avg_temp"": 33.7, ""temp_min"": 23.2, ""temp_max"": 37.47, ""avg_humidity"": 57.3, ""avg_pop"": 0.0, ""total_rain"": null, ""weather_main"": ""Clear"", ""avg_dew_point"": 19.99, ",True,0
2026-04-03T20:42:31.029061+07:00,eval_94,94,get_weather_history,"{'location_hint': 'Long Biên', 'date': '2026-04-02'}","{""district_name_vi"": ""Quận Long Biên"", ""avg_temp"": 26.06, ""temp_min"": 26.02, ""temp_max"": 26.13, ""avg_humidity"": 75.5, ""avg_pop"": null, ""total_rain"": 0.0, ""weather_main"": ""Clouds"", ""avg_dew_point"": 21.",True,0
2026-04-03T20:42:51.564163+07:00,eval_95,95,get_weather_history,"{'date': '2026-03-27', 'location_hint': 'Hà Nội'}","{""district_name_vi"": ""Quận Hoàn Kiếm"", ""avg_temp"": 28.01, ""temp_min"": 22.23, ""temp_max"": 31.47, ""avg_humidity"": 64.0, ""avg_pop"": 0.12, ""total_rain"": 0.33, ""weather_main"": ""Clouds"", ""avg_dew_point"": 20",True,0
2026-04-03T20:42:51.564163+07:00,eval_95,95,get_weather_history,"{'date': '2026-03-28', 'location_hint': 'Hà Nội'}","{""district_name_vi"": ""Quận Hoàn Kiếm"", ""avg_temp"": 27.48, ""temp_min"": 22.99, ""temp_max"": 29.18, ""avg_humidity"": 70.0, ""avg_pop"": 0.2, ""total_rain"": 0.41, ""weather_main"": ""Rain"", ""avg_dew_point"": 21.64",True,0
2026-04-03T20:42:51.564163+07:00,eval_95,95,get_weather_history,"{'date': '2026-03-29', 'location_hint': 'Hà Nội'}","{""district_name_vi"": ""Quận Hoàn Kiếm"", ""avg_temp"": 25.39, ""temp_min"": 24.82, ""temp_max"": 25.95, ""avg_humidity"": 86.0, ""avg_pop"": null, ""total_rain"": 0.0, ""weather_main"": ""Clouds"", ""avg_dew_point"": 22.",True,0
2026-04-03T20:43:04.078021+07:00,eval_96,96,get_weather_history,{'date': '2026-04-02'},"{""avg_temp"": 26.31, ""temp_min"": 25.42, ""temp_max"": 27.46, ""avg_humidity"": 76.1, ""avg_pop"": null, ""total_rain"": 0.0, ""weather_main"": ""Clouds"", ""avg_dew_point"": 21.75, ""avg_pressure"": 1006.9, ""avg_cloud",True,0
2026-04-03T20:43:25.027187+07:00,eval_98,98,get_weather_history,{'date': '2026-04-01'},"{""avg_temp"": 25.43, ""temp_min"": 23.72, ""temp_max"": 26.69, ""avg_humidity"": 66.2, ""avg_pop"": null, ""total_rain"": 0.0, ""weather_main"": ""Clouds"", ""avg_dew_point"": 18.65, ""avg_pressure"": 1009.1, ""avg_cloud",True,0
2026-04-03T20:43:39.863962+07:00,eval_99,99,get_weather_history,"{'date': '2026-03-28', 'location_hint': 'Cầu Giấy'}","{""district_name_vi"": ""Quận Cầu Giấy"", ""avg_temp"": 26.17, ""temp_min"": 23.06, ""temp_max"": 29.28, ""avg_humidity"": 73.7, ""avg_pop"": 0.27, ""total_rain"": 0.27, ""weather_main"": ""Rain"", ""avg_dew_point"": 21.0,",True,0
2026-04-03T20:43:53.510208+07:00,eval_100,100,get_weather_history,"{'date': '2026-04-02', 'location_hint': 'Sóc Sơn'}","{""district_name_vi"": ""Huyện Sóc Sơn"", ""avg_temp"": 25.91, ""temp_min"": 25.78, ""temp_max"": 26.01, ""avg_humidity"": 81.4, ""avg_pop"": null, ""total_rain"": 0.0, ""weather_main"": ""Clouds"", ""avg_dew_point"": 22.4",True,0
2026-04-03T20:44:10.691633+07:00,eval_101,101,compare_weather,"{'location_hint1': 'Cầu Giấy', 'location_hint2': 'Hoàn Kiếm'}","{'location1': {'name': 'Quận Cầu Giấy', 'weather': {'district_name_vi': 'Quận Cầu Giấy', 'ts_utc': datetime.datetime(2026, 4, 5, 19, 0, tzinfo=datetime.timezone(datetime.timedelta(seconds=25200))), 'a",True,0
2026-04-03T20:44:25.221162+07:00,eval_102,102,compare_weather,"{'location_hint1': 'Hà Đông', 'location_hint2': 'Thanh Xuân'}","{'location1': {'name': 'Quận Hà Đông', 'weather': {'district_name_vi': 'Quận Hà Đông', 'ts_utc': datetime.datetime(2026, 4, 5, 19, 0, tzinfo=datetime.timezone(datetime.timedelta(seconds=25200))), 'avg",True,0
2026-04-03T20:44:39.177662+07:00,eval_103,103,compare_weather,"{'location_hint1': 'Sóc Sơn', 'location_hint2': 'Bắc Từ Liêm'}","{'location1': {'name': 'Huyện Sóc Sơn', 'weather': {'district_name_vi': 'Huyện Sóc Sơn', 'ts_utc': datetime.datetime(2026, 4, 5, 19, 0, tzinfo=datetime.timezone(datetime.timedelta(seconds=25200))), 'a",True,0
2026-04-03T20:44:56.590746+07:00,eval_104,104,compare_weather,"{'location_hint1': 'Mỹ Đình', 'location_hint2': 'Times City'}","{'location1': {'name': 'Quận Nam Từ Liêm', 'weather': {'district_name_vi': 'Quận Nam Từ Liêm', 'ts_utc': datetime.datetime(2026, 4, 5, 19, 0, tzinfo=datetime.timezone(datetime.timedelta(seconds=25200)",True,0
2026-04-03T20:45:10.836062+07:00,eval_105,105,get_district_ranking,"{'limit': 1, 'metric': 'nhiet_do', 'order': 'cao_nhat'}","{""metric"": ""nhiet_do"", ""column"": ""avg_temp"", ""unit"": ""C"", ""order"": ""cao_nhat"", ""rankings"": [{""rank"": 1, ""district"": ""Huyện Ba Vì"", ""value"": 30.35, ""unit"": ""C""}]}",True,0
2026-04-03T20:45:10.836062+07:00,eval_105,105,get_district_ranking,"{'limit': 1, 'metric': 'nhiet_do', 'order': 'thap_nhat'}","{""metric"": ""nhiet_do"", ""column"": ""avg_temp"", ""unit"": ""C"", ""order"": ""thap_nhat"", ""rankings"": [{""rank"": 1, ""district"": ""Huyện Phú Xuyên"", ""value"": 26.7, ""unit"": ""C""}]}",True,0
2026-04-03T20:45:27.108168+07:00,eval_106,106,compare_weather,"{'location_hint1': 'Long Biên', 'location_hint2': 'Gia Lâm'}","{'location1': {'name': 'Quận Long Biên', 'weather': {'district_name_vi': 'Quận Long Biên', 'ts_utc': datetime.datetime(2026, 4, 5, 19, 0, tzinfo=datetime.timezone(datetime.timedelta(seconds=25200))), ",True,0
2026-04-03T20:45:40.755472+07:00,eval_107,107,get_humidity_timeline,"{'hours': 24, 'location_hint': 'Tây Hồ'}","{""timeline"": [{""time"": ""21:00 ICT ngay 03/04/2026"", ""humidity"": 87.0, ""dew_point"": 24.42, ""temp"": 26.77, ""comfort"": ""Rất oi bức"", ""is_nom_am"": false}, {""time"": ""22:00 ICT ngay 03/04/2026"", ""humidity"":",True,0
2026-04-03T20:45:40.755472+07:00,eval_107,107,get_humidity_timeline,"{'hours': 24, 'location_hint': 'Hoàng Mai'}","{""timeline"": [{""time"": ""21:00 ICT ngay 03/04/2026"", ""humidity"": 79.5, ""dew_point"": 22.8, ""temp"": 26.64, ""comfort"": ""Oi bức"", ""is_nom_am"": false}, {""time"": ""22:00 ICT ngay 03/04/2026"", ""humidity"": 80.5",True,0
2026-04-03T20:45:57.891268+07:00,eval_108,108,get_district_multi_compare,"{'metrics': 'nhiet_do,do_am,uvi,gio,mua', 'limit': 5}","{""comparisons"": {""nhiet_do"": {""top"": [{""rank"": 1, ""district"": ""Huyện Ba Vì"", ""value"": 30.35, ""unit"": ""C""}, {""rank"": 2, ""district"": ""Thị xã Sơn Tây"", ""value"": 29.62, ""unit"": ""C""}, {""rank"": 3, ""district",True,0
2026-04-03T20:45:57.891268+07:00,eval_108,108,get_district_multi_compare,"{'metrics': 'nhiet_do,do_am,uvi,gio,mua', 'limit': 5}","{""comparisons"": {""nhiet_do"": {""top"": [{""rank"": 1, ""district"": ""Huyện Ba Vì"", ""value"": 30.35, ""unit"": ""C""}, {""rank"": 2, ""district"": ""Thị xã Sơn Tây"", ""value"": 29.62, ""unit"": ""C""}, {""rank"": 3, ""district",True,0
2026-04-03T20:46:11.811257+07:00,eval_109,109,get_activity_advice,"{'activity': 'di_dao', 'location_hint': 'Hồ Gươm'}","{""advice"": ""nen"", ""reason"": ""Thời tiết thuận lợi cho hoạt động ngoài trời"", ""recommendations"": [], ""activity"": ""di_dao"", ""temp"": 26.96, ""humidity"": 78.0, ""pop"": 0, ""uvi"": 0, ""wind_speed"": 4.49, ""pheno",True,0
2026-04-03T20:46:27.365641+07:00,eval_110,110,get_activity_advice,"{'activity': 'chay_bo', 'location_hint': 'Mỹ Đình'}","{""advice"": ""nen"", ""reason"": ""Thời tiết thuận lợi cho hoạt động ngoài trời"", ""recommendations"": [], ""activity"": ""chay_bo"", ""temp"": 29.07, ""humidity"": 65.7, ""pop"": 0, ""uvi"": 0, ""wind_speed"": 5.58, ""phen",True,0
2026-04-03T20:46:27.365641+07:00,eval_110,110,get_best_time,"{'location_hint': 'Mỹ Đình', 'activity': 'chay_bo'}","{""activity"": ""chay_bo"", ""best_hours"": [{""time_ict"": ""01:00 ICT ngay 04/04/2026"", ""score"": 100, ""temp"": 24.52, ""pop"": 0, ""uvi"": 0, ""wind_speed"": 4.05, ""issues"": [""Tốt""]}, {""time_ict"": ""02:00 ICT ngay 0",True,0
2026-04-03T20:46:27.365641+07:00,eval_110,110,get_uv_safe_windows,{'location_hint': 'Mỹ Đình'},"{""safe_windows"": [{""type"": ""safe"", ""start"": ""21:00 ICT ngay 03/04/2026"", ""end"": ""20:00 ICT ngay 04/04/2026"", ""min_uvi"": 0, ""max_uvi"": 4.58}], ""danger_windows"": [], ""peak_uv"": {""uvi"": 4.58, ""time"": ""11",True,0
2026-04-03T20:46:45.325242+07:00,eval_111,111,get_activity_advice,"{'location_hint': 'Ba Vì', 'activity': 'leo_nui'}","{""advice"": ""nen"", ""reason"": ""Thời tiết thuận lợi cho hoạt động ngoài trời"", ""recommendations"": [], ""activity"": ""leo_nui"", ""temp"": 30.35, ""humidity"": 61.3, ""pop"": 0, ""uvi"": 0, ""wind_speed"": 4.98, ""phen",True,0
2026-04-03T20:46:45.326231+07:00,eval_111,111,get_best_time,"{'activity': 'leo_nui', 'location_hint': 'Ba Vì'}","{""activity"": ""leo_nui"", ""best_hours"": [{""time_ict"": ""21:00 ICT ngay 03/04/2026"", ""score"": 100, ""temp"": 27.12, ""pop"": 0, ""uvi"": 0, ""wind_speed"": 3.51, ""issues"": [""Tốt""]}, {""time_ict"": ""22:00 ICT ngay 0",True,0
2026-04-03T20:47:02.441231+07:00,eval_112,112,get_activity_advice,"{'activity': 'phoi_do', 'location_hint': 'Long Biên'}","{""advice"": ""nen"", ""reason"": ""Thời tiết thuận lợi cho hoạt động ngoài trời"", ""recommendations"": [], ""activity"": ""phoi_do"", ""temp"": 27.53, ""humidity"": 73.3, ""pop"": 0, ""uvi"": 0, ""wind_speed"": 5.48, ""phen",True,0
2026-04-03T20:47:02.441231+07:00,eval_112,112,get_best_time,"{'activity': 'phoi_do', 'location_hint': 'Long Biên'}","{""activity"": ""phoi_do"", ""best_hours"": [{""time_ict"": ""07:00 ICT ngay 04/04/2026"", ""score"": 100, ""temp"": 25.13, ""pop"": 0, ""uvi"": 0.21, ""wind_speed"": 3.53, ""issues"": [""Tốt""]}, {""time_ict"": ""08:00 ICT nga",True,0
2026-04-03T20:47:18.170019+07:00,eval_113,113,get_activity_advice,"{'activity': 'du_lich', 'location_hint': 'Cầu Giấy'}","{""advice"": ""nen"", ""reason"": ""Thời tiết thuận lợi cho hoạt động ngoài trời"", ""recommendations"": [], ""activity"": ""du_lich"", ""temp"": 28.64, ""humidity"": 68.0, ""pop"": 0, ""uvi"": 0, ""wind_speed"": 5.56, ""phen",True,0
2026-04-03T20:47:31.660194+07:00,eval_114,114,get_activity_advice,"{'activity': 'tap_the_duc', 'location_hint': 'Hà Nội'}","{""advice"": ""nen"", ""reason"": ""Thời tiết thuận lợi cho hoạt động ngoài trời"", ""recommendations"": [], ""activity"": ""tap_the_duc"", ""temp"": 26.96, ""humidity"": 78.0, ""pop"": 0, ""uvi"": 0, ""wind_speed"": 4.49, """,True,0
2026-04-03T20:47:48.619043+07:00,eval_115,115,get_activity_advice,"{'activity': 'chup_anh', 'location_hint': 'Hồ Tây'}","{""advice"": ""nen"", ""reason"": ""Thời tiết thuận lợi cho hoạt động ngoài trời"", ""recommendations"": [], ""activity"": ""chup_anh"", ""temp"": 28.33, ""humidity"": 69.5, ""pop"": 0, ""uvi"": 0, ""wind_speed"": 5.61, ""phe",True,0
2026-04-03T20:47:48.619043+07:00,eval_115,115,get_best_time,"{'activity': 'chup_anh', 'location_hint': 'Hồ Tây'}","{""activity"": ""chup_anh"", ""best_hours"": [{""time_ict"": ""21:00 ICT ngay 03/04/2026"", ""score"": 100, ""temp"": 26.77, ""pop"": 0, ""uvi"": 0, ""wind_speed"": 4.02, ""issues"": [""Tốt""]}, {""time_ict"": ""22:00 ICT ngay ",True,0
2026-04-03T20:48:08.433933+07:00,eval_116,116,get_activity_advice,"{'activity': 'bike', 'location_hint': 'Hà Nội'}","{""advice"": ""nen"", ""reason"": ""Thời tiết thuận lợi cho hoạt động ngoài trời"", ""recommendations"": [], ""activity"": ""bike"", ""temp"": 26.96, ""humidity"": 78.0, ""pop"": 0, ""uvi"": 0, ""wind_speed"": 4.49, ""phenome",True,0
2026-04-03T20:48:08.433933+07:00,eval_116,116,get_best_time,"{'activity': 'bike', 'location_hint': 'Hà Nội'}","{""error"": ""no_data"", ""message"": ""Không có dữ liệu dự báo"", ""resolved_location"": {""district_name_vi"": ""Quận Hoàn Kiếm"", ""district_name_norm"": ""quan hoan kiem""}, ""level"": ""district""}",True,0
2026-04-03T20:48:08.433933+07:00,eval_116,116,get_activity_advice,"{'activity': 'bike', 'location_hint': 'Hòa Bình'}","{""error"": ""multiple"", ""message"": ""Khong xac dinh duoc dia diem"", ""suggestion"": """", ""needs_clarification"": false, ""alternatives"": []}",True,0
2026-04-03T20:48:24.190271+07:00,eval_117,117,get_activity_advice,"{'location_hint': 'Hà Nội', 'activity': 'su_kien'}","{""advice"": ""nen"", ""reason"": ""Thời tiết thuận lợi cho hoạt động ngoài trời"", ""recommendations"": [], ""activity"": ""su_kien"", ""temp"": 26.96, ""humidity"": 78.0, ""pop"": 0, ""uvi"": 0, ""wind_speed"": 4.49, ""phen",True,0
2026-04-03T20:48:39.362918+07:00,eval_118,118,get_activity_advice,"{'activity': 'lam_vuon', 'location_hint': 'Đan Phượng'}","{""advice"": ""nen"", ""reason"": ""Thời tiết thuận lợi cho hoạt động ngoài trời"", ""recommendations"": [], ""activity"": ""lam_vuon"", ""temp"": 29.11, ""humidity"": 65.3, ""pop"": 0, ""uvi"": 0, ""wind_speed"": 5.66, ""phe",True,0
2026-04-03T20:48:55.939885+07:00,eval_119,119,get_best_time,"{'hours': 24, 'location_hint': 'Hồ Gươm', 'activity': 'di_dao'}","{""error"": ""no_data"", ""message"": ""Không có dữ liệu dự báo"", ""resolved_location"": {""district_name_vi"": ""Quận Hoàn Kiếm"", ""district_name_norm"": ""quan hoan kiem""}, ""level"": ""district""}",True,0
2026-04-03T20:48:55.939885+07:00,eval_119,119,get_activity_advice,"{'activity': 'di_dao', 'location_hint': 'Hồ Gươm'}","{""advice"": ""nen"", ""reason"": ""Thời tiết thuận lợi cho hoạt động ngoài trời"", ""recommendations"": [], ""activity"": ""di_dao"", ""temp"": 26.96, ""humidity"": 78.0, ""pop"": 0, ""uvi"": 0, ""wind_speed"": 4.49, ""pheno",True,0
2026-04-03T20:49:11.009203+07:00,eval_120,120,get_activity_advice,"{'activity': 'du_lich', 'location_hint': 'Mỹ Đình'}","{""advice"": ""nen"", ""reason"": ""Thời tiết thuận lợi cho hoạt động ngoài trời"", ""recommendations"": [], ""activity"": ""du_lich"", ""temp"": 29.07, ""humidity"": 65.7, ""pop"": 0, ""uvi"": 0, ""wind_speed"": 5.58, ""phen",True,0
2026-04-03T20:49:23.908921+07:00,eval_121,121,get_current_weather,{'location_hint': 'Hà Nội'},"{'district_name_vi': 'Quận Hoàn Kiếm', 'ts_utc': datetime.datetime(2026, 4, 3, 20, 2, 35, tzinfo=datetime.timezone(datetime.timedelta(seconds=25200))), 'avg_temp': 26.96, 'min_temp': 26.95, 'max_temp'",True,0
2026-04-03T20:49:39.587707+07:00,eval_122,122,get_current_weather,{'location_hint': 'Đống Đa'},"{'district_name_vi': 'Quận Đống Đa', 'ts_utc': datetime.datetime(2026, 4, 5, 19, 0, tzinfo=datetime.timezone(datetime.timedelta(seconds=25200))), 'avg_temp': 28.39, 'min_temp': 28.3, 'max_temp': 28.61",True,0
2026-04-03T20:49:54.282438+07:00,eval_123,123,get_current_weather,{'location_hint': 'Tây Hồ'},"{'district_name_vi': 'Quận Tây Hồ', 'ts_utc': datetime.datetime(2026, 4, 5, 19, 0, tzinfo=datetime.timezone(datetime.timedelta(seconds=25200))), 'avg_temp': 28.33, 'min_temp': 28.25, 'max_temp': 28.41",True,0
2026-04-03T20:50:07.580122+07:00,eval_124,124,get_weather_history,"{'date': '2026-04-02', 'location_hint': 'Gia Lâm'}","{""district_name_vi"": ""Huyện Gia Lâm"", ""avg_temp"": 25.98, ""temp_min"": 25.92, ""temp_max"": 26.06, ""avg_humidity"": 75.0, ""avg_pop"": null, ""total_rain"": 0.0, ""weather_main"": ""Clouds"", ""avg_dew_point"": 21.2",True,0
2026-04-03T20:50:21.458492+07:00,eval_125,125,get_current_weather,{'location_hint': 'Ba Đình'},"{'district_name_vi': 'Quận Ba Đình', 'ts_utc': datetime.datetime(2026, 4, 5, 19, 0, tzinfo=datetime.timezone(datetime.timedelta(seconds=25200))), 'avg_temp': 28.3, 'min_temp': 28.3, 'max_temp': 28.3, ",True,0
2026-04-03T20:50:37.425762+07:00,eval_126,126,get_current_weather,{'location_hint': 'Hà Nội'},"{'district_name_vi': 'Quận Hoàn Kiếm', 'ts_utc': datetime.datetime(2026, 4, 3, 20, 2, 35, tzinfo=datetime.timezone(datetime.timedelta(seconds=25200))), 'avg_temp': 26.96, 'min_temp': 26.95, 'max_temp'",True,0
2026-04-03T20:50:37.425762+07:00,eval_126,126,get_comfort_index,{'location_hint': 'Hà Nội'},"{""score"": 98, ""label"": ""Rất thoải mái"", ""recommendation"": ""Thời tiết lý tưởng cho mọi hoạt động ngoài trời."", ""breakdown"": {""temp"": ""Lý tưởng (27.0°C)"", ""humidity"": ""Hơi ẩm (78%), -2 điểm"", ""wind"": ""G",True,0
2026-04-03T20:50:50.953594+07:00,eval_127,127,get_current_weather,{},"{'ts_utc': datetime.datetime(2026, 4, 5, 19, 0, tzinfo=datetime.timezone(datetime.timedelta(seconds=25200))), 'avg_temp': 28.47, 'min_temp': 26.53, 'max_temp': 30.68, 'avg_humidity': 68.5, 'avg_wind_s",True,0
2026-04-03T20:51:05.087031+07:00,eval_128,128,get_pressure_trend,{'location_hint': 'Hà Nội'},"{""error"": ""no_data"", ""message"": ""Không đủ dữ liệu áp suất""}",True,0
2026-04-03T20:51:20.520944+07:00,eval_129,129,get_current_weather,{},"{'ts_utc': datetime.datetime(2026, 4, 5, 19, 0, tzinfo=datetime.timezone(datetime.timedelta(seconds=25200))), 'avg_temp': 28.47, 'min_temp': 26.53, 'max_temp': 30.68, 'avg_humidity': 68.5, 'avg_wind_s",True,0
2026-04-03T20:51:35.938146+07:00,eval_130,130,get_current_weather,{'location_hint': 'Hồ Tây'},"{'district_name_vi': 'Quận Tây Hồ', 'ts_utc': datetime.datetime(2026, 4, 5, 19, 0, tzinfo=datetime.timezone(datetime.timedelta(seconds=25200))), 'avg_temp': 28.33, 'min_temp': 28.25, 'max_temp': 28.41",True,0
2026-04-03T20:51:50.182856+07:00,eval_131,131,get_weather_change_alert,"{'hours': 6, 'location_hint': 'Hà Nội'}","{""error"": ""no_data"", ""message"": ""Không có dữ liệu dự báo""}",True,0
2026-04-03T20:52:05.873528+07:00,eval_132,132,get_weather_alerts,{'location_hint': 'Bắc Từ Liêm'},"{""alerts"": [], ""count"": 0}",True,0
2026-04-03T20:52:19.072031+07:00,eval_133,133,get_weather_alerts,{'location_hint': 'Hà Nội'},"{""alerts"": [], ""count"": 0}",True,0
2026-04-03T20:52:33.103677+07:00,eval_134,134,get_weather_alerts,{'location_hint': 'Sóc Sơn'},"{""alerts"": [], ""count"": 0}",True,0
2026-04-03T20:52:47.101505+07:00,eval_135,135,get_weather_alerts,{'location_hint': 'Hà Nội'},"{""alerts"": [], ""count"": 0}",True,0
2026-04-03T20:52:47.101505+07:00,eval_135,135,get_pressure_trend,"{'hours': 48, 'location_hint': 'Hà Nội'}","{""error"": ""no_data"", ""message"": ""Không đủ dữ liệu áp suất""}",True,0
2026-04-03T20:52:58.933491+07:00,eval_136,136,get_weather_alerts,{'location_hint': 'Hà Nội'},"{""alerts"": [], ""count"": 0}",True,0
2026-04-03T20:53:11.261339+07:00,eval_137,137,get_weather_alerts,{'location_hint': 'Hà Nội'},"{""alerts"": [], ""count"": 0}",True,0
2026-04-03T20:53:25.872907+07:00,eval_138,138,get_weather_change_alert,{'location_hint': 'Hà Nội'},"{""error"": ""no_data"", ""message"": ""Không có dữ liệu dự báo""}",True,0
2026-04-03T20:53:38.278512+07:00,eval_139,139,get_weather_alerts,{'location_hint': 'Hà Nội'},"{""alerts"": [], ""count"": 0}",True,0
2026-04-03T20:53:50.452695+07:00,eval_140,140,get_weather_change_alert,"{'hours': 168, 'location_hint': 'Hà Nội'}","{""error"": ""no_data"", ""message"": ""Không có dữ liệu dự báo""}",True,0
2026-04-03T20:54:04.149746+07:00,eval_141,141,get_seasonal_comparison,{'location_hint': 'Hà Nội'},"{'current': {'district_name_vi': 'Quận Hoàn Kiếm', 'ts_utc': datetime.datetime(2026, 4, 3, 20, 2, 35, tzinfo=datetime.timezone(datetime.timedelta(seconds=25200))), 'avg_temp': 26.96, 'min_temp': 26.95",True,0
2026-04-03T20:54:52.790265+07:00,eval_143,143,get_clothing_advice,{'location_hint': 'Hà Nội'},"{""clothing_items"": [""Áo mỏng thoáng"", ""Quần short"", ""Mũ chống nắng""], ""notes"": [""Nóng - chọn vải thoáng mát""], ""temp"": 26.96, ""humidity"": 78.0, ""pop"": 0, ""uvi"": 0, ""wind_speed"": 4.49, ""resolved_locati",True,0
2026-04-03T20:55:15.756310+07:00,eval_144,144,get_activity_advice,"{'activity': 'chup_anh', 'location_hint': 'Hà Nội'}","{""advice"": ""nen"", ""reason"": ""Thời tiết thuận lợi cho hoạt động ngoài trời"", ""recommendations"": [], ""activity"": ""chup_anh"", ""temp"": 26.96, ""humidity"": 78.0, ""pop"": 0, ""uvi"": 0, ""wind_speed"": 4.49, ""phe",True,0
2026-04-03T20:55:15.756310+07:00,eval_144,144,get_best_time,"{'activity': 'chup_anh', 'location_hint': 'Hà Nội'}","{""error"": ""no_data"", ""message"": ""Không có dữ liệu dự báo"", ""resolved_location"": {""district_name_vi"": ""Quận Hoàn Kiếm"", ""district_name_norm"": ""quan hoan kiem""}, ""level"": ""district""}",True,0
2026-04-03T20:55:15.756310+07:00,eval_144,144,get_best_time,"{'activity': 'chup_anh', 'location_hint': 'Hà Nội', 'hours': 24}","{""error"": ""no_data"", ""message"": ""Không có dữ liệu dự báo"", ""resolved_location"": {""district_name_vi"": ""Quận Hoàn Kiếm"", ""district_name_norm"": ""quan hoan kiem""}, ""level"": ""district""}",True,0
2026-04-03T20:55:15.756310+07:00,eval_144,144,get_best_time,"{'activity': 'chup_anh', 'location_hint': 'Hà Nội', 'hours': 12}","{""error"": ""no_data"", ""message"": ""Không có dữ liệu dự báo"", ""resolved_location"": {""district_name_vi"": ""Quận Hoàn Kiếm"", ""district_name_norm"": ""quan hoan kiem""}, ""level"": ""district""}",True,0
2026-04-03T20:55:15.756310+07:00,eval_144,144,get_best_time,"{'activity': 'chup_anh', 'location_hint': 'Hà Nội', 'hours': 6}","{""error"": ""no_data"", ""message"": ""Không có dữ liệu dự báo"", ""resolved_location"": {""district_name_vi"": ""Quận Hoàn Kiếm"", ""district_name_norm"": ""quan hoan kiem""}, ""level"": ""district""}",True,0
2026-04-03T20:55:15.756310+07:00,eval_144,144,get_best_time,"{'activity': 'chup_anh', 'location_hint': 'Hà Nội', 'hours': 1}","{""error"": ""no_data"", ""message"": ""Không có dữ liệu dự báo"", ""resolved_location"": {""district_name_vi"": ""Quận Hoàn Kiếm"", ""district_name_norm"": ""quan hoan kiem""}, ""level"": ""district""}",True,0
2026-04-03T20:55:34.436746+07:00,eval_146,146,get_rain_timeline,{'hours': 24},"{""rain_periods"": [{""start"": ""06:00 ICT ngay 04/04/2026"", ""end"": ""10:00 ICT ngay 04/04/2026"", ""max_pop"": 4, ""max_rain_1h"": 0.1}], ""total_rain_periods"": 1, ""next_rain"": ""06:00 ICT ngay 04/04/2026"", ""nex",True,0
2026-04-03T20:55:47.392544+07:00,eval_147,147,compare_with_yesterday,{'location_hint': 'Hà Nội'},"{'today': {'date': datetime.date(2026, 4, 2), 'district_name_vi': 'Quận Hoàn Kiếm', 'avg_temp': 26.05, 'temp_min': 25.96, 'temp_max': 26.14, 'avg_humidity': 75.0, 'avg_pop': None, 'total_rain': 0.0, '",True,0
2026-04-03T20:56:04.276137+07:00,eval_148,148,get_seasonal_comparison,{'location_hint': 'Hà Nội'},"{'current': {'district_name_vi': 'Quận Hoàn Kiếm', 'ts_utc': datetime.datetime(2026, 4, 3, 20, 2, 35, tzinfo=datetime.timezone(datetime.timedelta(seconds=25200))), 'avg_temp': 26.96, 'min_temp': 26.95",True,0
2026-04-03T20:56:18.092648+07:00,eval_149,149,detect_phenomena,{'location_hint': 'Hà Nội'},"{'phenomena': [], 'has_dangerous': False, 'weather_snapshot': {'district_name_vi': 'Quận Hoàn Kiếm', 'ts_utc': datetime.datetime(2026, 4, 3, 20, 2, 35, tzinfo=datetime.timezone(datetime.timedelta(seco",True,0
2026-04-03T20:56:32.669725+07:00,eval_150,150,get_current_weather,{'location_hint': 'Hà Nội'},"{'district_name_vi': 'Quận Hoàn Kiếm', 'ts_utc': datetime.datetime(2026, 4, 3, 20, 2, 35, tzinfo=datetime.timezone(datetime.timedelta(seconds=25200))), 'avg_temp': 26.96, 'min_temp': 26.95, 'max_temp'",True,0
2026-04-03T20:56:46.043243+07:00,eval_151,151,get_activity_advice,"{'activity': 'di_dao', 'location_hint': 'Hà Nội'}","{""advice"": ""nen"", ""reason"": ""Thời tiết thuận lợi cho hoạt động ngoài trời"", ""recommendations"": [], ""activity"": ""di_dao"", ""temp"": 26.96, ""humidity"": 78.0, ""pop"": 0, ""uvi"": 0, ""wind_speed"": 4.49, ""pheno",True,0
2026-04-03T20:56:58.336023+07:00,eval_152,152,get_activity_advice,"{'location_hint': 'Cầu Giấy', 'activity': 'chay_bo'}","{""advice"": ""nen"", ""reason"": ""Thời tiết thuận lợi cho hoạt động ngoài trời"", ""recommendations"": [], ""activity"": ""chay_bo"", ""temp"": 28.64, ""humidity"": 68.0, ""pop"": 0, ""uvi"": 0, ""wind_speed"": 5.56, ""phen",True,0
2026-04-03T20:57:13.437750+07:00,eval_153,153,get_activity_advice,"{'location_hint': 'Hồ Tây', 'activity': 'di_dao'}","{""advice"": ""nen"", ""reason"": ""Thời tiết thuận lợi cho hoạt động ngoài trời"", ""recommendations"": [], ""activity"": ""di_dao"", ""temp"": 28.33, ""humidity"": 69.5, ""pop"": 0, ""uvi"": 0, ""wind_speed"": 5.61, ""pheno",True,0
2026-04-03T20:57:25.619170+07:00,eval_154,154,get_weather_change_alert,"{'hours': 6, 'location_hint': 'Hà Nội'}","{""error"": ""no_data"", ""message"": ""Không có dữ liệu dự báo""}",True,0
2026-04-03T20:57:37.378005+07:00,eval_155,155,get_weather_change_alert,{'location_hint': 'Hà Nội'},"{""error"": ""no_data"", ""message"": ""Không có dữ liệu dự báo""}",True,0
2026-04-03T20:57:51.017910+07:00,eval_156,156,get_weather_change_alert,{'location_hint': 'Đống Đa'},"{""changes"": [], ""has_significant_change"": false, ""hours_scanned"": 6, ""current_summary"": {""temp"": 28.39, ""weather_main"": ""Clouds"", ""wind_speed"": 5.53, ""pop"": 0}, ""resolved_location"": {""district_name_vi",True,0
2026-04-03T20:58:24.514015+07:00,eval_160,160,get_activity_advice,"{'location_hint': 'Ba Vì', 'activity': 'cam_trai'}","{""advice"": ""nen"", ""reason"": ""Thời tiết thuận lợi cho hoạt động ngoài trời"", ""recommendations"": [], ""activity"": ""cam_trai"", ""temp"": 30.35, ""humidity"": 61.3, ""pop"": 0, ""uvi"": 0, ""wind_speed"": 4.98, ""phe",True,0
2026-04-03T20:58:37.451670+07:00,eval_161,161,get_activity_advice,"{'activity': 'cau_ca', 'location_hint': 'Sóc Sơn'}","{""advice"": ""nen"", ""reason"": ""Thời tiết thuận lợi cho hoạt động ngoài trời"", ""recommendations"": [], ""activity"": ""cau_ca"", ""temp"": 27.35, ""humidity"": 73.3, ""pop"": 0, ""uvi"": 0, ""wind_speed"": 5.44, ""pheno",True,0
2026-04-03T20:58:50.839777+07:00,eval_162,162,get_activity_advice,"{'activity': 'su_kien', 'location_hint': 'Mỹ Đình'}","{""advice"": ""nen"", ""reason"": ""Thời tiết thuận lợi cho hoạt động ngoài trời"", ""recommendations"": [], ""activity"": ""su_kien"", ""temp"": 29.07, ""humidity"": 65.7, ""pop"": 0, ""uvi"": 0, ""wind_speed"": 5.58, ""phen",True,0
2026-04-03T20:59:02.989430+07:00,eval_163,163,get_rain_timeline,{'location_hint': 'Hoàng Mai'},"{""rain_periods"": [], ""total_rain_periods"": 0, ""next_rain"": null, ""next_clear"": null, ""hours_scanned"": 24, ""data_coverage"": ""Dự báo 24 giờ tới"", ""resolved_location"": {""district_name_vi"": ""Quận Hoàng Ma",True,0
2026-04-03T20:59:17.808319+07:00,eval_164,164,compare_with_yesterday,{'location_hint': 'Hà Nội'},"{'today': {'date': datetime.date(2026, 4, 2), 'district_name_vi': 'Quận Hoàn Kiếm', 'avg_temp': 26.05, 'temp_min': 25.96, 'temp_max': 26.14, 'avg_humidity': 75.0, 'avg_pop': None, 'total_rain': 0.0, '",True,0
2026-04-03T20:59:30.507748+07:00,eval_165,165,compare_with_yesterday,{'location_hint': 'Cầu Giấy'},"{'today': {'date': datetime.date(2026, 4, 10), 'district_name_vi': 'Quận Cầu Giấy', 'avg_temp': 29.56, 'temp_min': 23.7, 'temp_max': 38.34, 'avg_humidity': 65.0, 'avg_pop': 0.0, 'total_rain': None, 'w",True,0
2026-04-03T20:59:44.437392+07:00,eval_166,166,compare_with_yesterday,{'location_hint': 'Hà Nội'},"{'today': {'date': datetime.date(2026, 4, 2), 'district_name_vi': 'Quận Hoàn Kiếm', 'avg_temp': 26.05, 'temp_min': 25.96, 'temp_max': 26.14, 'avg_humidity': 75.0, 'avg_pop': None, 'total_rain': 0.0, '",True,0
2026-04-03T20:59:59.912310+07:00,eval_167,167,compare_with_yesterday,{'location_hint': 'Hà Nội'},"{'today': {'date': datetime.date(2026, 4, 2), 'district_name_vi': 'Quận Hoàn Kiếm', 'avg_temp': 26.05, 'temp_min': 25.96, 'temp_max': 26.14, 'avg_humidity': 75.0, 'avg_pop': None, 'total_rain': 0.0, '",True,0
2026-04-03T20:59:59.928108+07:00,eval_167,167,get_seasonal_comparison,{'location_hint': 'Hà Nội'},"{'current': {'district_name_vi': 'Quận Hoàn Kiếm', 'ts_utc': datetime.datetime(2026, 4, 3, 20, 2, 35, tzinfo=datetime.timezone(datetime.timedelta(seconds=25200))), 'avg_temp': 26.96, 'min_temp': 26.95",True,0
2026-04-03T21:00:13.875988+07:00,eval_168,168,get_weather_change_alert,"{'hours': 6, 'location_hint': 'Hà Nội'}","{""error"": ""no_data"", ""message"": ""Không có dữ liệu dự báo""}",True,0
2026-04-03T21:00:30.352792+07:00,eval_169,169,get_weather_change_alert,{'location_hint': 'Đống Đa'},"{""changes"": [], ""has_significant_change"": false, ""hours_scanned"": 6, ""current_summary"": {""temp"": 28.39, ""weather_main"": ""Clouds"", ""wind_speed"": 5.53, ""pop"": 0}, ""resolved_location"": {""district_name_vi",True,0
2026-04-03T21:00:30.352792+07:00,eval_169,169,get_weather_alerts,{'location_hint': 'Đống Đa'},"{""alerts"": [], ""count"": 0}",True,0
2026-04-03T21:00:44.641466+07:00,eval_170,170,get_seasonal_comparison,{'location_hint': 'Hà Nội'},"{'current': {'district_name_vi': 'Quận Hoàn Kiếm', 'ts_utc': datetime.datetime(2026, 4, 3, 20, 2, 35, tzinfo=datetime.timezone(datetime.timedelta(seconds=25200))), 'avg_temp': 26.96, 'min_temp': 26.95",True,0
2026-04-03T21:01:00.009545+07:00,eval_171,171,compare_with_yesterday,{'location_hint': 'Long Biên'},"{'today': {'date': datetime.date(2026, 4, 10), 'district_name_vi': 'Quận Long Biên', 'avg_temp': 30.19, 'temp_min': 23.21, 'temp_max': 37.04, 'avg_humidity': 62.3, 'avg_pop': 0.0, 'total_rain': None, ",True,0
